,gender,a,boy,enquiry,feeling,for,have,he,her,his,inquiry,money,of,say,see,seem,she,the,this,upon,whisper,wish
ABronte_Agnes,w,15.7153959071,0.2343740363,0,0.4070706946,7.8083560512,12.5081722526,8.3757879285,9.1282519398,5.2919190299,0.0740128536,0.0986838048,20.0081414139,3.922681239,2.948178667,0.8018059136,7.6850012952,30.4562892422,2.1340372778,1.4679215957,0.0863483292,0.8388123404
ABronte_Tenant,w,13.6812446405,0.1568050962,0,0.4900159255,8.1195638858,11.9269876271,11.2556658091,8.6242802891,8.4968761485,0.0931030258,0.1274041406,18.3412960921,4.6698517702,2.5774837682,0.6517211809,6.8406223202,29.0530442239,2.7587896607,1.7346563763,0.191106211,0.9065294622
Austen_Emma,w,16.1260631052,0.131491056,0,0.6574552799,6.8427945531,17.5093490141,9.193854634,12.7072956497,5.9591746569,0.110452487,0.0473367802,22.500749499,4.5075133989,2.3615793654,1.0729670168,11.855233607,27.0030032557,2.6876771842,0.8205041893,0.0578560646,1.1360827237
Austen_Mansfield,w,16.4852205159,0.1176369936,0,1.010608718,8.1918124652,17.1536125251,8.2078538735,16.4424434273,7.1544680669,0.0641656329,0.069512769,25.5593104333,3.5772340335,2.5559310433,0.8234589554,11.9615433974,33.1255079779,2.7056508534,0.7432519143,0.0481242247,1.2084527527
Austen_Northanger,w,16.7667695146,0.0549010135,0,0.6588121617,7.8837855347,14.9769964754,5.9293094551,17.0632349873,5.7536262119,0.1537228377,0.2086238512,26.0011199807,3.557585673,2.3387831739,0.9991984452,11.9574407344,34.6205790959,3.1513181733,0.9552776344,0.1537228377,1.1639014856
Austen_Persuasion,w,16.2716443571,0.2046747718,0.1432723403,0.9926726432,7.2250194441,20.1297638053,9.8346227844,12.311187523,6.7440337304,0.0204674772,0.1637398174,26.2904744361,2.8552130664,2.7938106349,1.2587498465,11.7073969463,34.0374145483,2.5584346473,0.7368291784,0.0921036473,1.1154775062
Austen_Pride,w,13.5026030792,0.0417606281,0,0.7516913054,7.2802694953,16.2379242184,9.2847796431,15.4235919708,8.8184526295,0.2296834544,0.1809627217,25.0633369526,4.2247835407,2.7144408252,0.7377710961,11.8460981653,30.0606921128,3.1042066873,0.522007851,0.0904813608,1.2667390518
Austen_Sense,w,14.5517589297,0.0568428083,0.0710535104,0.6181655405,8.7680031832,14.7720248119,7.6311470168,17.7775883018,7.1550884971,0.2202658822,0.177633776,25.4584727758,4.2347892198,2.7071387462,0.9876437945,11.0132941118,29.0111482958,3.0410902451,0.6963244019,0.0710535104,1.2008043257
Bennet_Babylon,w,20.3224642041,0.1082902178,0,0.1082902178,5.1016724823,14.8598243292,12.9827938876,4.151125015,6.6418000241,0.0962579714,0.4211286247,22.6928167489,7.6525087234,2.4184815305,0.8542894958,4.8730598003,46.2038262544,3.5134159548,0.3008061605,0.2045481891,0.5294188425
Bennet_Helen,w,20.5679035308,0.1549955051,0,0.1859946062,5.2698471744,16.4450230943,19.3744381413,8.307759075,8.5557518832,0.0619982021,0.5269847174,22.8463374562,7.4087851452,2.2319352739,0.7439784246,12.0741498497,39.8338448185,2.4954276326,0.4339874144,0.1394959546,0.2479928082
Bennet_Imperial1,w,20.7861759408,0.1830108169,0.0577928895,0.0770571861,5.5192209518,15.7678266984,15.4210693611,8.1680617228,7.5516042343,0,0.1926429652,24.3789672411,5.6348067309,2.5717835849,0.558664599,9.0927479556,46.812240534,2.3213477302,0.4045502268,0.0192642965,0.2022751134
Bennet_Imperial2,w,18.9575855619,0.0606642738,0.0909964107,0.0909964107,6.1270916536,17.713967949,14.306657904,8.1492341135,6.612405844,0,0.1112178353,23.4265203984,6.410191598,2.3355745412,0.6571962995,10.3938122441,48.1674333957,2.2850209797,0.2527678075,0.0606642738,0.3134320813
Bennet_Imperial3,w,16.6252696847,0.0906503254,0.0815852929,0.0725202603,6.5630835615,19.3085193176,18.764617365,11.5125913302,7.5330420436,0,0.099715358,20.233152637,5.6928404373,2.5654042098,0.4441865946,15.4649455192,42.7778885726,2.2209329731,0.2810160088,0.1541055532,0.1722356183
Bennett_Agnes,w,13.4115432801,0.1443343013,0.1905212778,0.1905212778,5.403876242,12.753378866,6.5065903042,13.9542402531,8.4464433141,0,0.1385609293,27.9027071342,2.6903913769,1.7955187086,0.2309348821,6.7894855348,44.5935257406,3.2099948617,0.103920697,0.0692804646,0.756311739
Burney_Camilla1,w,14.7435298514,0.3643838176,0.0747453985,0.2802952443,8.5583481267,12.5011678969,12.3890497991,15.1826590676,10.9034850042,0.0560590489,0.196206671,23.3018779781,4.4099785107,2.1676165561,0.5045314398,9.137624965,35.158366813,3.7466130991,2.6814911707,0.1868634962,0.7567971597
Burney_Camilla2,w,15.2241724475,0.1769169887,0.102425625,0.2979654546,8.2312956842,12.8963173332,10.7826248894,15.7921690954,7.1604823316,0.1676055682,0.2420969319,20.1964709716,4.236696308,2.7003119326,0.6704222729,11.6206527306,33.6607849527,4.1622049444,3.2496857396,0.1582941478,0.8287164207
Burney_Camilla3,w,14.8721266692,0.2695853777,0,0.3684333495,8.1414784062,12.3200517604,11.2417102496,17.5230495498,9.8937833612,0.1258065096,0.2965439155,22.8069229525,3.154148919,3.1271903812,0.8267284916,11.9695907694,34.1025502777,4.0797253824,3.2440107115,0.0898617926,0.7188943405
Burney_Camilla4,w,12.9234293738,0.0923761928,0.1570395278,0.4711185833,8.6556492661,13.6162508198,9.7641635798,21.5236529242,7.9166397236,0.0184752386,0.3602671519,22.3642762787,3.0484143627,2.3740681552,1.2101281258,15.9995565943,34.7796365921,4.3693939198,3.4733448496,0.1108514314,0.7297719232
Burney_Cecilia1,w,12.8807234408,0.159021277,0.2968397172,0.1166156032,8.5447432867,14.4921390482,13.1033532287,16.0293447263,10.2727744972,0.0212028369,0.7102950375,23.7471773723,3.7104964644,2.3853191557,1.0813446839,11.2269021595,34.7832539994,3.6468879536,3.000201427,0.0424056739,0.8587148961
Burney_Cecilia2,w,12.615458435,0.0199928026,0.2399136311,0.0699748091,9.1367107841,14.1249150306,12.2955735935,17.5936662801,9.9064336839,0,0.3698668479,20.532608261,4.8482546283,2.2891758967,1.0696149386,12.4055340078,29.1794953817,4.2884561558,2.5390859291,0.0899676117,0.9896437283
Burney_Cecilia3,w,11.0831234257,0.0093292285,0.177255341,0.1959137979,7.9298442019,14.068476537,8.8814255061,16.5220636253,6.3438753615,0,0.0653045993,19.0502845415,3.7783375315,2.2576732904,0.8956059334,12.7437260939,27.2600055975,4.3194327829,2.5748670585,0.0373169139,1.203470473
Burney_Cecilia4,w,12.9329042541,0.0201761377,0.2421136522,0.1714971703,8.3630090692,14.0930321709,10.5622080765,20.0248166493,8.1511596235,0,0.4136108225,20.2467541639,3.9545229857,2.1891109385,0.6456364058,13.8206543121,28.0347433091,4.7716565618,2.9053638262,0.0907926196,0.8574858515
Burney_Darblay1,w,14.8234300573,0.0444480661,0,0.0666720992,7.7487795302,13.6381482936,10.9934883583,9.1118535584,4.5040707021,0.1259361874,0.0592640882,17.3273377831,6.0078969398,2.6891080014,0.8963693338,8.5414367097,27.5207609509,3.9040218092,2.2149952959,0.1259361874,0.948225411
Burney_Darblay2,w,14.2407037684,0.023396556,0.015597704,0.2261667083,7.5570875967,13.3984277514,11.261542301,7.2997254804,6.7928000998,0.1091839281,0.023396556,18.3039056651,3.5874719241,2.9245695034,1.0294484652,5.8413401547,35.7031444971,4.7884951335,2.636011979,0.1793735962,0.881270277
Burney_Darblay3,w,13.9184425318,0.047638708,0,0.1667354781,7.1061072824,14.1645758567,14.5139263823,6.3835868771,7.7015911328,0.2381935402,0.0317591387,20.1432337155,3.4696859021,3.3188299933,1.1512687776,5.4069933623,37.0946739924,5.3037761616,2.1596214311,0.0793978467,0.7860386826
Burney_Darblay4,w,14.5033557047,0.2818791946,0,0.2953020134,8.0872483221,13.1140939597,7.966442953,7.0738255034,8.2684563758,0.1677852349,0.0402684564,25.1208053691,2.1812080537,2.0134228188,1.0402684564,5.255033557,37.0939597315,4.1677852349,2.322147651,0.1006711409,0.7919463087
Burney_Evelina,w,12.2113376895,0.0415528292,0.1142702804,0.1714054206,8.185907358,14.2578145289,10.3466544778,6.8458286154,5.5421085983,0.0623292438,0.1662113169,17.8469401535,5.3395385558,2.7269044181,1.1582851147,5.7446786408,28.8999927283,4.331882447,2.1607471199,0.0571351402,0.9868796942
Burney_Wanderer1,w,14.5576021331,0.0306475834,0.1838855006,0.5823040853,7.764054471,11.400901039,5.2100891845,19.2671141214,3.6164148457,0.0204317223,0.0817268892,22.0866917977,3.6061989845,1.8082074228,1.2974143655,15.1194744961,34.2639982837,4.2293665145,3.3814500393,0.1225903338,0.7151102802
Burney_Wanderer2,w,14.1762198637,0.0756065059,0.1795654516,0.3685817165,8.2789124004,11.964729565,6.0390696619,18.5330447685,3.8370301764,0.0189016265,0.6521061137,22.6535993422,3.0431618641,2.0886297266,0.7560650594,14.6393097126,32.7092646322,3.7992269235,3.5724074057,0.1984670781,0.5386963548
Burney_Wanderer3,w,15.6723568174,0.4497370016,0.1564302614,0.459513893,7.2740071567,12.2308910659,6.1985491093,15.7407950568,5.0937603879,0,0.1955378268,23.836061086,2.3366770302,2.0629240727,0.7137130678,11.7811540643,34.0920201013,3.5881191216,3.3241430555,0.1075458047,0.5572828064
Burney_Wanderer4,w,16.4918688962,0.131235031,0.2077887991,0.4702588611,7.0210741587,11.7674077801,6.2664727305,17.1371077986,7.0866916742,0,0.0984262733,23.983201916,1.7826091711,1.8700991918,0.9951989851,12.7297980074,39.6001706055,3.0949594812,3.8495609095,0.1202987784,0.5468126292
CBronte_Jane,w,19.4670433638,0.0523190415,0,0.4316320925,5.6940556849,12.8050854108,8.3100077607,7.4554634159,5.2973029534,0.0741186421,0.1307976038,19.2010882361,3.6492531457,2.4589949512,1.1422990731,6.4090825856,34.1599741893,2.9080667242,0.2136360862,0.1787567252,0.8894237058
CBronte_Professor,w,20.7265687279,0.1613331815,0,0.4175682344,5.3714459249,14.187829784,5.6941122879,11.663440003,4.8115248833,0.0854116843,0.1233724329,25.3672702426,2.9419580154,2.1732528565,0.844626656,8.2090118817,36.0627111567,2.4010173481,0.4460387959,0.1423528072,0.5978817902
CBronte_Shirley1,w,19.2125474729,0.1540701481,0,0.3389543259,5.5619323478,12.21005924,11.0083120845,11.3857839474,7.9115021069,0.038517537,0.169477163,21.8317399912,3.0736994554,2.272534685,1.2325611851,10.1609262697,35.1434007904,2.9196293072,0.3235473111,0.1309596259,0.5854665629
CBronte_Shirley2,w,16.979951292,0.2714379425,0,0.4297767423,5.3835191929,12.4032059837,8.0224991895,13.9338143817,5.9339350208,0.0226198285,0.1206390856,18.261741576,3.3628145099,2.5108009681,0.8143138275,12.1996275268,33.3114674991,2.8048587392,0.2261982854,0.2111183997,0.8670934274
CBronte_Villette,w,19.3754743111,0.132914296,0,0.4030304459,5.526662179,11.5506810786,9.2697002568,9.0510348021,6.928693624,0.0171502317,0.1029013905,20.8160937775,3.5243726231,2.465345813,1.5092203933,8.1034844983,35.2694515785,4.1889441031,0.5702452054,0.2100903388,0.6302710165
Shelley_Frankenstein,w,16.2268000141,0.0703473989,0,1.1841812149,5.4050251492,13.3777303584,7.0699135899,4.3615387321,6.2491939361,0.0586228324,0.0937965319,31.0232029171,1.5241936429,2.0049008688,0.5158809253,2.9663153205,49.0907598692,4.7015511601,1.477295377,0.0820719654,0.6096774572
Shelley_Lastman,w,12.8175457084,0.1083311585,0.034469005,0.5810489411,5.441178643,10.7100122611,6.4309315002,11.3599992121,8.7994445566,0.0147724307,0.0196965743,35.1879299393,1.2556566099,1.4920155012,0.6696835253,6.411234926,56.0810710997,4.288929048,0.7336973917,0.0886345842,0.4234763469
Shelley_Valperga,w,14.8012766306,0.1473035271,0.0436454895,0.7419733217,5.5920783437,11.7133582476,10.9059166917,12.935431954,11.4787637415,0,0.087290979,32.6468261546,2.0295152623,1.9258572247,0.7910744974,9.154641425,53.7712430781,4.2499795412,1.4293897815,0.11456941,0.491011757
Dickens_Bleak1,m,18.7305085062,0.5415600665,0,0.0840351827,5.4529496349,13.2121981736,10.9058992698,5.4622868774,8.3941810305,0.0746979402,0.2801172758,21.2889129582,8.6369493361,2.1662402659,0.9990849502,4.369829502,39.319128275,2.931894153,1.4939588041,0.2334310631,0.2894545183
Dickens_Bleak2,m,18.5360653796,0.5922065616,0,0.0888309842,5.3989498204,11.597378499,10.3734849382,5.2903786174,10.7288088752,0.0592206562,0.3257136089,20.954242173,8.7449168937,2.2109044968,0.8290891863,3.5631094793,34.9303170279,3.5927198073,1.6088278258,0.1677918591,0.4540250306
Dickens_Bleak3,m,15.6406326012,0.614977925,0,0.20193305,5.3695833754,14.3923192011,11.0328875508,6.0212764005,9.1420599007,0.100966525,0.2937208,18.3391924514,7.1869808255,2.4599117002,0.633335475,4.0661973253,33.7044618025,3.7816553003,2.0285092752,0.156039175,0.449759975
Dickens_Bleak4,m,17.4719011346,0.2752179549,0,0.1242919796,6.0459170085,13.3968998029,10.5736962659,7.7238587333,9.6237504217,0.0799019869,0.3373639447,18.9012589002,7.0313748469,2.7166675545,0.6658498908,5.1847511497,30.8244109448,4.1549033186,2.1040856549,0.2130719651,0.6480938937
Dickens_Cities,m,17.5314849312,0.2833493094,0,0.0783732132,5.7212445666,13.6851687737,11.0867953193,6.2457422245,12.0694748392,0.0542583784,0.1386603004,24.3439257745,5.2570339959,2.4838279889,0.5064115317,2.7611485896,48.229669687,3.2916749561,1.7422968174,0.2351196397,0.2411483484
Dickens_Curiosity,m,18.0739493225,0.6583480058,0,0.1913802342,5.9442700758,13.3277195131,10.6254306055,7.1461379469,11.9229885937,0.1377937687,0.3330016076,20.6767205083,6.8858608283,1.9138023425,0.7272448901,5.2017147669,44.4155247646,4.0802265942,3.0238077011,0.2411390952,0.3062083748
Dickens_David1,m,19.5956111702,1.3669223148,0,0.2385233569,5.8621701956,12.7976954974,7.9354886059,7.3942240652,5.9814318741,0.0825657774,0.3302631096,19.5038714176,8.6418847015,2.3393636931,0.8990495762,5.2658618032,32.8978753073,3.2200653187,1.8806649297,0.2018274559,0.2568713075
Dickens_David2,m,19.3914302688,0.4270013367,0,0.2413485816,6.2286499332,13.4783900193,9.3940294074,7.7324372494,6.9805435913,0.0278479133,0.2320659439,20.0690628249,8.9391801574,2.9797267191,0.7797415714,5.6438437546,31.059705926,2.9797267191,1.8750928264,0.1299569286,0.3805881479
Dickens_David3,m,16.6096462326,0.2437285045,0,0.2798364311,5.9126729795,14.5244134719,7.1222885204,10.2546511523,6.4633188601,0.0270809449,0.3249713393,19.4892533783,8.4492548227,2.9608499806,0.6228617337,6.6258045297,28.6696937145,3.3129022649,1.7241534948,0.153458688,0.5145379539
Dickens_David4,m,15.8366108258,0.3401034263,0,0.2441768189,5.6596698381,15.7145224163,8.075276225,9.5403371384,7.0462453454,0.0436030034,0.322662225,20.0486609518,7.8659818088,2.9911660315,0.6627656513,7.2555397616,31.2023092151,3.139416243,1.8138849404,0.1918532148,0.5493978425
Dickens_Dombey1,m,17.7527298344,1.1359633674,0,0.228953857,5.1866854526,12.2666431842,12.2226135963,7.1504050722,12.5132088764,0.0968650933,0.3258189503,22.3494188094,8.3039802747,1.7611835153,1.0919337795,4.2972877774,38.1560408595,3.0380415639,1.6555125044,0.2201479394,0.4314899613
Dickens_Dombey2,m,16.3890174302,0.4820299244,0,0.2313743637,5.389094555,12.4749344439,9.4381459201,11.7904519513,13.0533703532,0.0578435909,0.0578435909,20.5826777726,7.9631343514,1.9474008946,0.790529076,5.6204689187,40.8857781891,2.9500231374,2.4101496221,0.1638901743,0.5013111214
Dickens_Dombey3,m,15.7411844043,0.257324886,0,0.3992972369,5.8297396582,12.6177926849,8.7135530355,14.507799606,10.3639816146,0.0532396316,0.3371843334,20.9231752116,6.9566451933,2.3159239738,0.7098617544,8.2255230794,37.5073204493,3.3895898774,3.2298709826,0.1774654386,0.4614101404
Dickens_Dombey4,m,16.7276129734,0.2673362804,0,0.4010044206,5.251248365,13.3668140199,11.3713396412,10.282899071,11.5527464029,0.0286431729,0.286431729,21.0813752542,7.4758681268,1.9668312058,0.5346725608,5.6236096126,39.3270763913,3.5040148181,2.8165786685,0.286431729,0.5060293879
Dickens_Expectations,m,17.8418162008,0.9739176839,0,0.1645431703,6.0213906121,15.707202099,9.9481911369,5.1986747604,8.2449469682,0.0578124653,0.3424276788,19.8252284704,7.7468703444,3.1574500256,0.7604562738,4.0424254553,36.1150023347,3.3086518578,1.6231961399,0.1022835924,0.3424276788
Dickens_Hard,m,17.3807536554,0.2782157099,0,0.0850103558,5.927540264,13.8412315682,10.6726637609,9.3820519954,9.1038362855,0.0154564283,0.2704874957,20.3947571795,7.2722495286,2.3880181768,0.6723546323,6.491699898,33.0767566231,3.8950199388,2.2025410368,0.1468360691,0.4095953507
Dickens_Mutual1,m,19.0442412373,0.9175160758,0,0.123363506,5.389443168,11.4188345233,8.9746950608,6.07565267,9.1674505389,0.0385510956,0.5088744622,22.2208515166,7.3169979491,1.7039584265,0.8558343228,3.0455365541,38.5048343074,3.5775416737,1.6962482074,0.1387839442,0.4086416136
Dickens_Mutual2,m,17.0135498047,0.3662109375,0,0.2288818359,6.2789916992,13.0004882813,8.7356567383,7.438659668,9.7198486328,0.0381469727,0.6408691406,20.5764770508,7.9650878906,1.8920898438,0.7095336914,4.7607421875,35.7360839844,3.6087036133,1.7166137695,0.1068115234,0.4272460938
Dickens_Mutual3,m,17.2452298201,0.334994347,0,0.2093714669,6.1694792234,12.8903033095,10.0288932624,7.4675823179,10.5453428807,0.0558323912,0.5024915205,19.0248872884,8.3399634298,2.198400402,0.7397791829,4.0827436037,33.9949471686,3.6011892299,2.1076727664,0.132601929,0.4327010315
Dickens_Nicholas1,m,19.4410105849,1.8156532489,0,0.3766514718,5.5531947771,12.0528470988,9.020319864,4.1624816503,9.7446496176,0.1448659507,0.2993896315,23.3717067141,8.7402456927,1.6804450282,0.5311751526,2.7041644132,41.3640577919,3.8437765588,2.3564861315,0.1834968709,0.405624662
Dickens_Nicholas2,m,18.1703686741,0.4121822762,0,0.3434852301,5.5186626975,12.2051751775,7.2475383559,6.1369361117,8.7588733684,0.1488435997,0.2633386764,20.9297000229,9.3427982597,1.8548202427,0.5381268605,4.5454545455,39.6267460499,3.6180444241,2.4501946416,0.1946416304,0.2862376918
Dickens_Nicholas3,m,18.3444122076,0.7345109993,0,0.4407065996,5.7475485695,13.2395607624,11.1094788644,4.783502883,13.0192074626,0.1193580374,0.4223438246,20.6305776929,8.6396856293,1.9280913732,0.6886040618,2.8003231848,35.5044254288,4.2877079584,2.8462301223,0.1377208124,0.4131624371
Dickens_Nicholas4,m,16.7848415655,0.4506669871,0,0.2904298362,6.4395305051,14.6316548492,12.6487201058,5.0875295437,11.7574009534,0.160237151,0.5307855626,18.5374354044,7.4910868085,2.2232904699,0.8011857549,3.1446540881,32.938749349,5.5482113528,2.8742538958,0.160237151,0.4106076994
Dickens_Oliver,m,18.6074097903,1.8195252145,0,0.2010525099,5.7551280956,12.1938347248,12.309439918,3.9205239428,11.7012560756,0.1206315059,0.2010525099,19.5171723975,7.3987323639,1.9150251567,0.6785522209,2.8851035169,48.0314446125,3.9808396958,2.3874985549,0.2864998266,0.3317366413
Doyle_TheHound,m,18.5432533818,0.2841877913,0,0.1420938956,5.9537342276,17.8896214619,13.0442196203,2.3445492782,9.79026941,0.1847220643,0.0852563374,22.7634420825,4.5185858816,3.1829032625,1.0372854382,1.9466863704,47.2462203024,4.7743548937,4.4475389337,0.1136751165,0.3978629078
Doyle_TheLostWorld,m,21.1261230679,0.1018399077,0,0.1584176341,5.5672482857,14.7667866114,7.9435127979,0.4073596307,7.4229977143,0.0452621812,0.0226310906,28.6283295992,4.3904315749,2.9873039582,0.9052436237,0.5431461742,50.3428610225,4.1075429425,4.6167424808,0.1471020888,0.1810487247
Eliot_Adam,w,18.8685969525,0.2059112364,0,0.582095226,9.3610415941,15.5146196978,11.3528368233,11.8517755884,7.5830772642,0.0197991573,0.3009471917,20.55944499,6.4386859695,3.31437894,0.8909620807,9.1274115374,39.3924034593,3.0767890519,0.4355814617,0.0791966294,0.4751797763
Eliot_Daniel1,w,20.842180066,0.4246431697,0,0.441975544,7.1062734529,17.0983872226,8.8568432547,14.4032030228,7.5742475583,0.0519971228,0.3553136726,24.6379700323,5.9450043764,2.1145496616,1.6292431819,9.0994964945,35.9733428084,3.1891568667,0.2599856141,0.0346647486,0.9359482109
Eliot_Daniel2,w,20.3767990164,0.2531279381,0,0.6147392782,6.807333478,18.1257684241,11.4811600492,13.8225934765,8.7329138642,0.054241701,0.2621682216,26.1625804585,8.5069067766,2.5403196644,1.3741230925,9.4561365444,36.3509799667,3.4985897158,0.4520141752,0.0632819845,0.9853909019
Eliot_Daniel3,w,19.7114038606,0.1513351544,0,0.9231444418,6.7722481594,19.2422648819,11.2971692759,14.5811421264,10.2075561643,0.052967304,0.2345694893,26.347450381,7.1808530763,2.1943597388,1.7630545488,9.2919784801,36.7593090037,3.162904727,0.3480708551,0.0908010926,0.9307111996
Eliot_Felix,w,21.517845036,0.2150849352,0.0748121514,0.416142592,6.5320359659,17.5247464569,12.404789848,7.9768456392,9.6601190448,0.0046757595,0.2431394919,24.8002281771,6.5694420416,2.5529646653,1.4214308759,6.0317297037,40.2349101553,3.7452833276,0.3413304406,0.0420818351,0.701363919
Eliot_Middlemarch1,w,20.4985135077,0.0754017838,0,0.5170408031,6.861562325,16.2006118316,10.7393683485,8.9297255375,8.0679908656,0.0646301004,0.5816709035,26.422939377,6.7430738076,2.3697703477,1.5726657762,6.7430738076,33.3706751691,3.1237881856,0.323150502,0.0107716834,0.7109311043
Eliot_Middlemarch2,w,19.1408835208,0.2792025149,0,0.4136333554,6.5974520185,17.4036234282,13.5154698875,9.0378888154,10.6096955659,0.0413633355,0.7135175381,23.1117637326,8.1382362674,2.4714592985,1.3546492389,6.2975678359,33.855890139,2.9574784911,0.3515883521,0.0413633355,0.7341992058
Eliot_Middlemarch3,w,19.4231016869,0.1287719449,0,0.5365497704,6.8356440743,18.3500021462,13.4030132635,9.2930420226,10.8704983474,0.0643859724,0.5258187749,23.2647980427,7.8443576426,2.3500879942,1.1267545177,6.6210241662,34.8328110916,3.3158775808,0.3219298622,0.0214619908,1.3199124351
Eliot_Middlemarch4,w,18.4752553468,0.1128604481,0,0.5304441059,7.0086338243,20.7211782631,15.5634557869,12.8435189888,11.0828959991,0.0677162688,0.8915975396,23.2718243891,8.6338242763,2.5280740365,1.2527509734,8.5435359178,32.4812369505,3.600248293,0.406297613,0.0225720896,0.8915975396
Eliot_Mill,w,18.9741083731,0.3765180889,0,0.5407440638,7.0577114109,16.0060242894,9.5651616624,11.4317300606,7.8588137277,0.0280385811,0.7370141314,21.9301759221,8.1311885154,2.4633896241,0.9613227801,8.0070176563,34.6396641779,3.1443265934,0.4165732047,0.1201653475,0.644887365
Eliot_Romola1,w,21.0599374314,0.1035904448,0,0.2278989786,7.8003604947,15.2381544326,11.1359728179,5.5731659312,9.6131932791,0.020718089,0.2175399341,29.4921996395,5.6249611536,2.9005324549,1.4709843164,2.6208382539,51.7434271863,2.7244286987,0.3832846458,0.0517952224,0.5490293575
Eliot_Romola2,w,18.5041223681,0.0547459242,0,0.3722722843,7.1060209567,18.7888011738,14.5405174585,10.9053880939,10.4783698854,0.0547459242,0.2737296208,28.7416101871,4.8504888811,2.6059059903,1.4233940283,7.3140554686,50.54143719,2.5840076206,0.5693576113,0.0766442938,0.6022051658
Eliot_Romola3,w,18.5137252231,0.204345753,0,0.3133301546,6.8523942511,17.355765956,11.048293713,12.0563994278,8.4190450242,0.0408691506,0.1907227028,28.4857979702,4.7135753695,2.8744635924,1.5121585723,9.5088890403,54.2606089503,3.0924323956,0.3269532048,0.1089844016,0.3269532048
Eliot_Silas,w,19.5062986621,0.106656554,0,0.4029247597,9.0539563656,16.9939442779,12.4669660951,7.0630340234,11.2818932723,0.106656554,1.196923551,21.1772513421,7.145989121,2.3582949172,0.8177002477,4.799544932,42.9825912802,3.3774575448,0.3555218468,0.0118507282,0.5688349549
Gaskell_Barton,w,14.9857511685,0.2061313778,0,0.4637956001,8.9254886602,13.8262621682,12.3730359545,15.315561373,7.8226857888,0.1030656889,0.3607299112,20.1081159077,4.6328027168,3.2465692009,1.0461167425,12.9759702346,35.1917794807,2.3447444229,0.6390072713,0.1958248089,0.6544671246
Gaskell_Lovers,w,18.3480135182,0.0487861128,0,0.3281974862,9.1762243097,14.786627283,14.6003530341,14.4495595945,9.8769702937,0.106442428,0.2616709687,22.6855424572,5.8144176269,2.9049912629,0.9003255364,10.693028908,37.3923379192,3.1134410176,0.9047606376,0.1552285408,0.6874406805
Gaskell_NorthSouth,w,15.2746107387,0.1183372703,0.0409629013,0.3413575105,7.5872396011,15.8571942233,11.8155212984,14.77850449,6.6405414385,0.086477236,0.259431708,21.1186513192,5.8167319797,3.1086290627,0.9740067634,12.8851081648,31.3411709018,2.8992631229,1.0422782655,0.0637200686,0.8056037249
Gaskell_Ruth,w,13.8880150991,0.5295166195,0,0.4823319702,7.6072140086,15.2825836217,11.77519136,16.0480234875,6.8784733145,0.0838838209,0.3722344553,21.2121212121,5.0802139037,2.7262241795,0.9856348957,15.0990877634,37.1500471846,2.9673901646,0.8860228583,0.1048547761,0.6920415225
Gaskell_Wives1,w,16.4426963837,0.2731344914,0,0.2276120762,7.6568702429,16.4426963837,11.3077679449,16.506427765,7.3746312684,0.0910448305,0.2731344914,21.5229979242,5.5901525911,2.6403000838,0.7556720929,14.5034414946,34.2692741906,2.9043300921,1.0470155505,0.0273134491,0.8102989912
Gaskell_Wives2,w,15.5045378094,0.1451415984,0,0.3756606077,7.9742501729,17.5792088929,12.8919890375,11.5942523927,8.588967531,0.0853774108,0.6488683224,20.8918524337,7.0948628412,2.5442468432,0.7171702511,10.6380253912,30.5138866359,3.1248132369,0.7342457333,0.0683019287,0.9647647425
Gaskell_Wives3,w,13.6540895387,0.3086832601,0,0.3086832601,7.3981088006,16.9055532118,11.431570066,15.2386636073,5.4122464939,0.082315536,0.2572360501,18.3872328604,7.8508442487,2.7061232469,0.7819975923,13.9216150308,29.5924352022,2.994227623,0.9980758743,0.113183862,1.0495230844
Hardy_BlueEyes,m,21.210762615,0.2083820084,0,0.2778426779,5.6515726527,14.1257743286,8.7899319917,9.396134198,6.5419321432,0.0694606695,0.1010337011,23.8944702992,6.7692579706,2.5321571327,1.1303145305,7.9437747454,42.7372555458,3.3656851664,2.2606290611,0.2020674021,0.6377752379
Hardy_Greenwood,m,21.817316708,0.2518997439,0,0.3078774648,5.5138055054,11.3214940454,8.1027750955,6.199532586,8.1307639559,0.0419832907,0.1119554417,22.2931273353,8.8864631877,2.3090809858,0.6717326504,4.968022727,45.9157255412,2.7988860434,1.5953650447,0.125949872,0.6997215108
Hardy_Jude,m,18.1239440193,0.6631414452,0,0.2537236834,5.9798059014,16.3767104724,14.7563387672,9.9817203619,8.5862401033,0.0980296049,0.2133585519,20.5285525641,6.0432368222,2.7851940698,1.4012467059,9.8779243096,40.4977597352,3.0792828846,0.9918289441,0.1383947364,0.9802960494
Hardy_Madding,m,23.223813873,0.1742537134,0,0.4506561554,5.9186175071,13.1231072441,8.7307119166,8.8508868913,6.8439648128,0.0660962361,0.2403499495,23.1877613806,7.5169446714,2.2412632793,0.9914435418,7.8954958419,46.3635052637,3.8576166899,2.4275344902,0.2163149546,0.7030236024
Hardy_Native,m,19.3855286003,0.4927032988,0,0.2698137112,5.490122472,15.5846745812,10.2235934494,10.4523485524,7.0327530383,0.0410586082,0.3695274741,21.9135657642,6.8685186054,2.5866923185,0.8622307728,9.4904040167,45.5750551358,3.9416263901,1.9121580404,0.1466378865,0.8856928347
Hardy_Tess,m,17.9958983707,0.1196308534,0,0.2164748775,5.9074854734,15.9963541073,10.2483764384,15.9735672781,7.1664577874,0.1139341461,0.1139341461,25.4244046941,4.4662185257,2.0280277999,1.1507348752,12.6182066765,49.379058904,3.7997037712,1.9425771904,0.1652045118,0.6494246326
Hardy_Woodlanders,m,18.6888405035,0.1188777936,0,0.312836299,5.9126060515,17.6064269089,14.0964036339,14.1214305378,9.272467903,0.1439046975,0.1751883275,23.8381259854,5.6748504642,2.890607403,0.9072252672,12.3820607153,45.4613709738,3.4849963711,1.6204920289,0.1251345196,0.5693620642
Hawthorne_Blithedale,m,22.8622623353,0.0774242072,0,0.1990908186,5.3090884959,13.2506000376,4.5127252215,8.8484808264,5.6519671279,0.0442424041,0.011060601,30.8922586853,2.9863622789,1.5927265488,1.4821205384,5.0546946721,41.8975567132,4.1587859884,1.5153023415,0.2654544248,0.342878632
Hawthorne_MarbleFaun,m,21.319833796,0.120963596,0,0.1874935738,5.1832900888,13.051972009,5.5159399779,7.4755502332,6.2719624529,0.0241927192,0.0241927192,32.4424364488,2.9757044617,1.9475138957,1.4576113319,4.7115320644,50.5204458718,4.088569545,1.7176830633,0.211686293,0.1572526748
Hawthorne_Scarlet,m,20.6443036827,0.0201407841,0,0.2014078408,4.3101277933,13.5748884704,6.1530095367,9.6575059667,9.1439159726,0.0302111761,0,32.5172958983,1.9637264479,1.5810515503,1.258799005,5.0049848441,52.2754050815,4.481324458,1.7623186071,0.3121821533,0.0604223522
Hawthorne_SevenGables,m,22.1443886152,0.1473019198,0,0.1473019198,5.2946856741,13.2571727852,6.4894679127,7.3896463117,10.2538503085,0.0736509599,0.0491006399,32.4718898836,2.3650141574,1.3993682384,1.3666344785,4.3372231951,50.2545049837,4.0098855955,1.1211312787,0.2291363197,0.1800356798
Lytton_Barons,m,14.8082041148,0.258171445,0,0.1179301662,6.2216130934,10.4989720952,8.1658671851,4.8255749096,13.3611691023,0.0095619054,0.1115555626,29.2179955059,4.2295494749,1.5840889895,0.8000127492,1.8964445649,62.464740474,3.5124065722,1.408787391,0.2868571611,0.1306793734
Lytton_Harold,m,11.4677790134,0.175818766,0,0.0439546915,5.5075228455,9.5425635255,7.1821965918,2.9405688616,13.6699090577,0.0043954692,0.0307682841,32.4429577991,4.1932775695,1.5340187335,0.9845850897,1.3274316834,71.5758196451,2.4306944402,0.7867889779,0.2197734575,0.1230731362
Lytton_Pompeii,m,14.3016747356,0.1278424092,0,0.1445175061,5.3360309934,9.5770639601,8.5987916113,6.4532624827,9.2380036574,0.0055583656,0.1111673124,31.3491820865,4.5745349038,1.8564941165,1.0005058113,4.7968695285,66.1945761468,2.9125835839,1.6786264167,0.2390097216,0.2278929903
Lytton_Rienzi,m,15.3299910783,0.4166496837,0,0.0815184164,5.0767858194,10.1399852361,9.4742515024,2.8259717675,12.6217681345,0.0226440045,0.1403928282,32.5032041266,4.397465683,1.6394259292,1.0235090055,1.5896091192,64.8660154251,3.0116526047,1.5443211101,0.2943720591,0.1811520364
Lytton_Zanoni,m,13.8715427888,0.0693844003,0,0.1547805852,4.7501627865,10.3169265913,9.2227879719,5.2999007269,9.825898528,0.0053372616,0.1120824927,28.1220311483,3.0475763495,1.7719708372,1.4997704978,3.1436470576,60.7433737898,3.1276352729,1.4357233591,0.3575965244,0.181466893
Thackeray_Barry,m,20.6039624553,0.5300270381,0,0.1140564512,7.5881086086,15.122543593,7.4002509242,7.6686190447,8.768928339,0.0536736241,0.8319411737,28.6818428839,4.884299794,1.7578111896,0.2482405115,4.0523586203,48.6215942408,3.2472542587,1.455897054,0.0738012332,0.2616589175
Thackeray_Pendennis1,m,20.181031792,1.5606188969,0,0.1961920899,5.9481874526,14.0009809604,15.8737236367,7.2501895037,15.0800374549,0.0267534668,0.499398047,24.9163954162,5.3417755384,2.4702367682,0.3121237794,4.8334596691,48.1294867793,2.4524011236,1.3287555179,0.0624247559,0.3210416016
Thackeray_Pendennis2,m,20.4279774047,0.6864898792,0,0.1176839793,5.6880589989,13.710183587,12.0429938804,8.1888435588,12.0724148753,0.0196139965,0.5688058999,24.7234426487,6.2764788953,2.2948375961,0.3628589361,5.2369370783,46.0046289032,2.8342225012,1.6377687118,0.1569119724,0.2942099482
Thackeray_Pendennis3,m,18.8386437748,0.6286095942,0,0.1767964484,6.5807566888,14.7133933132,14.3598004165,7.9165520764,14.0356735945,0.0589321495,0.7170078183,23.2389109339,5.6181982478,2.3376419283,0.2946607473,5.9521470946,43.9339174164,2.8680312733,1.7581424586,0.0392880996,0.54021137
Thackeray_Pendennis4,m,17.4619914697,0.6533080721,0,0.1399945869,5.7864429242,15.8847191242,11.5168880137,7.6250384985,10.9475766937,0,0.895965356,20.4485426564,6.2810904645,2.2865782523,0.3733188983,5.4691218606,39.6651329482,2.7905587651,1.1666215573,0.0839967521,0.6439750996
Thackeray_Vanity1,m,19.6019026267,0.4165783016,0,0.2575211319,6.1350622595,12.8533341412,10.1569364074,11.785378859,9.8160996152,0.0605932075,0.605932075,22.2604296058,5.6578907504,1.9692792438,0.3181143394,8.142212258,44.2936346836,3.165995092,1.2270124519,0.0757415094,0.3332626413
Thackeray_Vanity2,m,17.9433577224,0.8627411942,0,0.2488676522,6.5203324872,13.5052179251,10.7676737511,13.6960164584,11.9041693627,0.0746602957,0.7466029565,25.8739402386,4.3800706784,1.9660544522,0.2820500058,8.2872928177,51.6400378279,2.7458397624,1.4351367943,0.0829558841,0.2820500058
Thackeray_Vanity3,m,18.0817986128,1.435063382,0,0.1913417843,6.151638364,13.288686917,11.5761779479,12.8964362593,12.3128438173,0.0287012676,0.8323367615,24.3291078689,4.9174838555,2.2291317867,0.2774455872,10.4472614207,50.3515905286,2.6405166228,1.5785697202,0.0861038029,0.2296101411
Trollope_Barchester,m,14.6816446912,0.1257807078,0,0.4684247051,6.0157876475,17.8391741846,16.8632893824,10.5308813324,12.1269951423,0.0390353921,0.1778278973,23.4038861901,6.9873351839,1.7305690493,0.3079458709,9.8976405274,43.7022900763,3.3613809854,0.7113115892,0.1734906315,0.7720333102
Trollope_Forgive1,m,14.8309353968,0.1370249466,0,0.2498690203,5.8759521219,20.1990891871,12.4531495587,11.5584572603,7.5202514811,0.0483617459,0.7173658969,19.3930600895,8.3907629065,2.0392536171,0.5884012413,11.1070809656,31.4915568452,2.8452827147,1.2332245194,0.0886632007,0.8382702616
Trollope_Forgive2,m,12.3555004858,0.098562397,0,0.2534461638,5.7940609116,20.9022683432,18.6001323552,13.8198560989,10.4828149421,0.0422410273,1.9994086256,18.1214007125,8.6030892271,1.816364174,0.5702538686,12.4540628828,29.8996071584,3.4215232114,1.4573154419,0.1337632531,1.0841863674
Trollope_Forgive3,m,12.3202927594,0.1829746449,0,0.2613923499,6.4389648863,20.3624640586,18.6285614708,11.7975080596,10.1507362551,0.05227847,1.2982486713,17.6962620894,8.5823821556,2.4570880892,0.4356539165,11.466411083,31.0795504052,3.2586912956,1.4463710029,0.2091138799,0.6186285615
Trollope_Phineas,m,15.4382723914,0.1942922665,0,0.2994011976,6.3129061027,20.2286915531,18.9833099758,6.9340043318,10.8835520448,0.0350363104,0.5319148936,20.9453433558,8.306790674,1.856924449,0.5892470378,6.3352019366,32.7430245891,3.044973882,1.1052363358,0.0987386928,0.7293922793
Trollope_Prime1,m,16.7654581014,0.0902662855,0,0.4031894088,5.8071310366,21.2667368738,19.2086655634,8.599368136,11.9392207011,0.1023017903,1.2998345118,20.6529261321,6.5593500827,1.7391304348,0.553633218,7.2273205958,36.4735971115,3.436136603,0.8545208365,0.0782307808,0.8424853317
Trollope_Prime2,m,14.2950391645,0.0890102065,0,0.4213149775,5.9221457394,21.94398291,18.0512698789,9.4766199858,10.2480417755,0.0534061239,1.4182292903,19.9026821742,6.7588416805,1.8810823641,0.6408734868,8.34915737,37.295276525,3.2696415856,1.0206503679,0.1305483029,0.8248279136
Trollope_Redux,m,15.1337708556,0.0389293141,0,0.3990254695,5.6350182157,22.0404799984,17.8653110614,6.0502642327,10.9099402759,0.0746145187,0.613136697,23.6073848909,5.8329088957,1.7842602295,0.804539158,5.6707034203,42.8287337267,2.776957739,1.193832299,0.0940791757,0.3308991698
Trollope_Thorne,m,14.3111261051,0.3258627696,0.0038336796,0.3795342846,6.7587772095,17.6962652293,16.0746187406,9.4576876778,11.4665358104,0.0115010389,0.9277504735,19.6591092062,7.6060204105,1.8823367044,0.4983783535,8.8864694111,33.6098694249,3.8145112442,0.5942203446,0.0958419911,0.8127400842
Trollope_Warden,m,15.7124306457,0.2006846889,0,0.4131743596,6.4691299728,15.1103765789,19.1004603943,4.8636524613,15.582575847,0.0590249085,0.3777594145,24.7078267029,5.7608310707,1.8533821273,0.2951245426,3.9310589069,45.6262542793,3.8602290166,0.7555188289,0.118049817,0.5076142132
